{
  "project_info": {
    "project_number": "691102077913",
    "firebase_url": "https://online-bookstore-c37ed.firebaseio.com",
    "project_id": "online-bookstore-c37ed",
    "storage_bucket": "online-bookstore-c37ed.appspot.com"
  },
  "client": [
    {
      "client_info": {
        "mobilesdk_app_id": "1:691102077913:android:f31380a889ce572a743fc8",
        "android_client_info": {
          "package_name": "com.example.smdproject"
        }
      },
      "oauth_client": [
        {
          "client_id": "691102077913-khrjrgl954obomfurdhgh3fds06sa215.apps.googleusercontent.com",
          "client_type": 1,
          "android_info": {
            "package_name": "com.example.smdproject",
            "certificate_hash": "da0c0fb44c462f7a7e1047153a6034393747812f"
          }
        },
        {
          "client_id": "691102077913-sq0mu47m3icqe7n46e9abk4906f0d4vp.apps.googleusercontent.com",
          "client_type": 3
        }
      ],
      "api_key": [
        {
          "current_key": "AIzaSyBDPwwDlglE8Cl1LX6sDwfvsrSW6Y5uhLg"
        }
      ],
      "services": {
        "appinvite_service": {
          "other_platform_oauth_client": [
            {
              "client_id": "691102077913-sq0mu47m3icqe7n46e9abk4906f0d4vp.apps.googleusercontent.com",
              "client_type": 3
            }
          ]
        }
      }
    }
  ],
  "configuration_version": "1"
}